SaleID:s-id-20230601-1,Payment:160,Method:Cash,千杯不醉死神的紅酒替代品:1
SaleID:s-id-20230601-2,Payment:350,Method:Cash,千杯不醉死神的紅酒替代品:1,Gura愛喝的泡泡浴:1
SaleID:s-id-20230601-3,Payment:340,Method:Cash,千杯不醉死神的紅酒替代品:1,混血天使IRyS的行動要領:1
SaleID:s-id-20230601-4,Payment:160,Method:Cash,千杯不醉死神的紅酒替代品:1
SaleID:s-id-20230601-5,Payment:160,Method:Cash,千杯不醉死神的紅酒替代品:1
SaleID:s-id-20230601-6,Payment:160,Method:Cash,千杯不醉死神的紅酒替代品:1
SaleID:s-id-20230601-7,CarrierCode:16,Payment:660,Method:Cash,千杯不醉死神的紅酒替代品:3,混血天使IRyS的行動要領:1
SaleID:s-id-20230601-8,CarrierCode:45,Payment:340,Method:Cash,千杯不醉死神的紅酒替代品:1,混血天使IRyS的行動要領:1
SaleID:s-id-20230601-9,CarrierCode:156,Payment:340,Method:Cash,千杯不醉死神的紅酒替代品:1,混血天使IRyS的行動要領:1
SaleID:s-id-20230601-10,Payment:340,Method:Cash,千杯不醉死神的紅酒替代品:1,混血天使IRyS的行動要領:1
